{
  "state": {
    "postProcess": {
      "enabled": true,
      "fxaaEnabled": true,
      "casEnabled": true,
      "sampleRadius": 2,
      "sampleCount": 8,
      "casSharpness": 0.5249999999999999,
      "debugView": "final",
      "dofEnabled": false,
      "dofFocusDepth": 0.45,
      "dofStrength": 0,
      "dofRadius": 8
    },
    "postProcessAux": {
      "depthConfidence": "rgba16float",
      "channels": {
        "r": "alpha-weighted-depth-ndc",
        "g": "coverage-confidence",
        "b": "normalized-tile-support",
        "a": "valid"
      }
    }
  },
  "analysis": {
    "width": 1280,
    "height": 720,
    "totalPixels": 921600,
    "backgroundColor": {
      "r": 5,
      "g": 5,
      "b": 10,
      "a": 255
    },
    "distinctColorCount": 18110,
    "changedPixels": 35556,
    "changedPixelRatio": 0.03858072916666667,
    "averageDelta": 3.3025777633102744,
    "pixelDeltaThreshold": 12,
    "perceptualFingerprint": "01010101010101000000000000000000000000000000000000000003030000000000000607000000000000000000000000000000000000000000000000000000",
    "bridgeBlockRatio": 0.055248618784530384,
    "nonblank": true
  }
}