{
  "width": 1280,
  "height": 720,
  "totalPixels": 921600,
  "changedPixels": 152809,
  "changedPixelRatio": 0.16580837673611112,
  "changedPixelsThreshold12": 30980,
  "changedPixelRatioThreshold12": 0.03361545138888889,
  "averageRgbDelta": 1.2695909288194445,
  "maxRgbDelta": 74
}