{
  "count": 587327,
  "axisBins": {
    "baked": {
      "px": 26140,
      "nx": 16073,
      "py": 52549,
      "ny": 3415,
      "pz": 489150,
      "nz": 0
    },
    "cov": {
      "px": 21222,
      "nx": 5954,
      "py": 18859,
      "ny": 15990,
      "pz": 515415,
      "nz": 9887
    }
  },
  "bakedPlusZ": {
    "zGt05": 0.9872422006820731,
    "zGt08": 0.6473020991713304,
    "p05": 0.5660201858912624,
    "p50": 0.856578875725003,
    "p95": 0.9950287444199917
  },
  "covZ": {
    "p05": -0.02097418123937245,
    "p50": 0.9988982498242723,
    "p95": 0.99996017594455
  },
  "bakedDotRadial": {
    "p05": -0.5509661686156426,
    "p25": -0.1320223977438102,
    "p50": 0.23681211899905125,
    "p75": 0.554290759670403,
    "p95": 0.8331514173165564,
    "absMedian": 0.38979451829767,
    "gt05": 0.299567361963608,
    "ltNeg05": 0.06546438355464673
  },
  "bakedDotCovarianceNormal": {
    "p05": -0.1615879999095746,
    "p25": 0.6833448596291402,
    "p50": 0.8435198351869979,
    "p75": 0.9405623488637003,
    "p95": 0.9942428550729312,
    "absMedian": 0.8472452471433074,
    "gt05": 0.8830906803194813,
    "ltNeg05": 0.0280763526961982
  },
  "viewishPlusZWeakRadialSamples": [
    {
      "i": 401,
      "p": [
        -0.9101817011833191,
        2.6119043827056885,
        -5.9253129959106445
      ],
      "baked": [
        0.4130345040475627,
        0.3526307688187085,
        0.8396749605344384
      ],
      "cov": [
        -0.0019390391010734663,
        0.06538971906593338,
        0.997857918126545
      ],
      "radial": [
        -0.14968807817494373,
        0.8838615433626991,
        -0.44315037111210853
      ],
      "dotRadial": -0.12225183593992334,
      "dotCov": 0.8601338448755023
    },
    {
      "i": 594,
      "p": [
        -0.9180368781089783,
        2.57623291015625,
        -5.860857009887695
      ],
      "baked": [
        0.3463964377684349,
        0.47312243617465294,
        0.8100399177136274
      ],
      "cov": [
        0.3410071830629358,
        -0.9397634514643212,
        -0.02363802849959695
      ],
      "radial": [
        -0.16801218687343222,
        0.900970745717383,
        -0.4000295244397212
      ],
      "dotRadial": 0.04403076804108724,
      "dotCov": -0.3456472467789762
    },
    {
      "i": 688,
      "p": [
        -0.6532379984855652,
        2.509951114654541,
        -5.702243804931641
      ],
      "baked": [
        -0.184031655728388,
        -0.06416063940682261,
        0.9808240219533652
      ],
      "cov": [
        0.08036331557610521,
        0.9927700472791379,
        0.08915924368787433
      ],
      "radial": [
        0.14537057982163012,
        0.9550120047821797,
        -0.25849461356911285
      ],
      "dotRadial": -0.34156469590092475,
      "dotCov": 0.008963372945596487
    },
    {
      "i": 693,
      "p": [
        -0.6406063437461853,
        2.5093657970428467,
        -5.706496715545654
      ],
      "baked": [
        -0.1473626829343051,
        -0.01749718233067357,
        0.9889277467484118
      ],
      "cov": [
        0.04319491683436662,
        0.9989295623154788,
        0.016550791276485732
      ],
      "radial": [
        0.161042914553894,
        0.9512310797962883,
        -0.2631057059464397
      ],
      "dotRadial": -0.30056811253628385,
      "dotCov": -0.007476234797212017
    },
    {
      "i": 694,
      "p": [
        -0.6389966011047363,
        2.5052223205566406,
        -5.697512149810791
      ],
      "baked": [
        -0.24401521545525431,
        0.2405948178352132,
        0.9394523448569206
      ],
      "cov": [
        -0.05058679326898882,
        -0.9985483078153516,
        -0.01850008934731306
      ],
      "radial": [
        0.16435961746023278,
        0.9532500739607677,
        -0.25357486595109724
      ],
      "dotRadial": -0.04898072198524511,
      "dotCov": -0.245281553277168
    },
    {
      "i": 695,
      "p": [
        -0.6371011734008789,
        2.503392219543457,
        -5.691434860229492
      ],
      "baked": [
        -0.3153418352846466,
        0.4060458307674825,
        0.8577215808382435
      ],
      "cov": [
        -0.06438869358339691,
        -0.9978715159960486,
        -0.010321516476337726
      ],
      "radial": [
        0.16743537972258865,
        0.9545206129960657,
        -0.246689669388014
      ],
      "dotRadial": 0.12318868215142034,
      "dotCov": -0.393730107334386
    },
    {
      "i": 696,
      "p": [
        -0.6340283155441284,
        2.5054385662078857,
        -5.696840286254883
      ],
      "baked": [
        -0.3056914532900928,
        0.36380651885477777,
        0.8798849653359007
      ],
      "cov": [
        -0.09875809071799055,
        -0.9949644346015241,
        -0.017105946211968703
      ],
      "radial": [
        0.17056394122367763,
        0.952464188389094,
        -0.2524280328936353
      ],
      "dotRadial": 0.07226511066769961,
      "dotCov": -0.3468363079507112
    },
    {
      "i": 697,
      "p": [
        -0.6316399574279785,
        2.5055763721466064,
        -5.696942329406738
      ],
      "baked": [
        -0.31143385231819815,
        0.39902302699579545,
        0.8624323623086969
      ],
      "cov": [
        -0.08585741527521787,
        -0.9961685415045872,
        -0.016635539031918837
      ],
      "radial": [
        0.17350799360498653,
        0.9519463483568195,
        -0.25237497103573625
      ],
      "dotRadial": 0.10815590814459086,
      "dotCov": -0.385102308465479
    },
    {
      "i": 698,
      "p": [
        -0.6288624405860901,
        2.50577974319458,
        -5.6963982582092285
      ],
      "baked": [
        -0.3384445891837072,
        0.44718518670209945,
        0.8279375996091011
      ],
      "cov": [
        -0.06572926142748567,
        -0.9972413667790655,
        -0.03448652746825043
      ],
      "radial": [
        0.17695297216642758,
        0.9515435724112947,
        -0.2515004481988426
      ],
      "dotRadial": 0.15740073673186214,
      "dotCov": -0.45225854667989596
    },
    {
      "i": 699,
      "p": [
        -0.6230849027633667,
        2.5091214179992676,
        -5.70439338684082
      ],
      "baked": [
        -0.3381826285132167,
        0.4119006101682748,
        0.8461503395466402
      ],
      "cov": [
        0.07516119888019769,
        0.9902450015218933,
        0.11732702648493733
      ],
      "radial": [
        0.182901232176564,
        0.948216195049142,
        -0.2596790070737758
      ],
      "dotRadial": 0.10898932984779519,
      "dotCov": 0.4817406118416695
    },
    {
      "i": 700,
      "p": [
        -0.6077743172645569,
        2.523468255996704,
        -5.737980842590332
      ],
      "baked": [
        -0.23730938156941042,
        0.15898114456467435,
        0.958336711752216
      ],
      "cov": [
        0.9994955230769667,
        0.03171024225260317,
        0.0017776066444020748
      ],
      "radial": [
        0.1959852795039201,
        0.935851085201302,
        -0.29286945307647827
      ],
      "dotRadial": -0.1783940174423699,
      "dotCov": -0.2304447881486622
    },
    {
      "i": 701,
      "p": [
        -0.605890691280365,
        2.5250656604766846,
        -5.7422566413879395
      ],
      "baked": [
        -0.2172969964212651,
        0.08201540770597351,
        0.9726538378298416
      ],
      "cov": [
        0.14252067265665339,
        0.9761431859034373,
        0.1638057950128225
      ],
      "radial": [
        0.19754686871438545,
        0.9342202514644843,
        -0.29699790641480456
      ],
      "dotRadial": -0.255182039914813,
      "dotCov": 0.20841580245303934
    },
    {
      "i": 702,
      "p": [
        -0.6039198040962219,
        2.526472330093384,
        -5.745853424072266
      ],
      "baked": [
        -0.19760445181576716,
        0.03963980535730567,
        0.9794800490330698
      ],